username,password
Performtest01@standardbank.co.za,P@ssw0rd123
Performtest02@standardbank.co.za,P@ssw0rd123
Performtest03@standardbank.co.za,P@ssw0rd123
Performtest04@standardbank.co.za,P@ssw0rd123
Performtest05@standardbank.co.za,P@ssw0rd123
Performtest06@standardbank.co.za,P@ssw0rd123
Performtest07@standardbank.co.za,P@ssw0rd123
Performtest08@standardbank.co.za,P@ssw0rd123
Performtest09@standardbank.co.za,P@ssw0rd123
Performtest10@standardbank.co.za,P@ssw0rd123
Performtest11@standardbank.co.za,P@ssw0rd123
Performtest12@standardbank.co.za,P@ssw0rd123
Performtest13@standardbank.co.za,P@ssw0rd123
Performtest14@standardbank.co.za,P@ssw0rd123
Performtest15@standardbank.co.za,P@ssw0rd123
Performtest16@standardbank.co.za,P@ssw0rd123
Performtest17@standardbank.co.za,P@ssw0rd123
Performtest18@standardbank.co.za,P@ssw0rd123
Performtest19@standardbank.co.za,P@ssw0rd123
Performtest20@standardbank.co.za,P@ssw0rd123
